,id,crawl_id,visit_id,change,creationTime,expiry,is_http_only,is_session,last_accessed,raw_host,expires,host,is_domain,is_secure,name,path,policy,status,value
0,1,1,1,added,2018-04-23 14:53:35,2019-04-23 14:53:35,0,0,2018-04-23 14:53:35,yahoo.com,1556045615,.yahoo.com,1,0,B,/,0,0,5d814v9ddsatf&b=3&s=jg
1,2,1,1,added,2018-04-23 14:53:41,2018-05-23 14:53:41,0,0,2018-04-23 14:53:41,www.yahoo.com,1527101621,www.yahoo.com,0,0,flash_enabled,/,0,0,1
2,3,1,1,added,2018-04-23 14:53:42,2020-04-12 14:53:42,0,0,2018-04-23 14:53:42,scorecardresearch.com,1586717622,.scorecardresearch.com,1,0,UID,/,0,0,11A24a14319915628b2eafg1524509622
3,4,1,1,added,2018-04-23 14:53:42,2020-04-12 14:53:42,0,0,2018-04-23 14:53:42,scorecardresearch.com,1586717622,.scorecardresearch.com,1,0,UIDR,/,0,0,1524509622
4,5,1,1,changed,2018-04-23 14:53:35,2019-04-23 14:53:42,0,0,2018-04-23 14:53:42,yahoo.com,1556045622,.yahoo.com,1,0,B,/,0,0,5d814v9ddsatf&b=3&s=jg
5,6,1,1,added,2018-04-23 14:53:43,2019-04-23 14:53:43,0,0,2018-04-23 14:53:43,flickr.com,1556045623,.flickr.com,1,0,BX,/,0,0,5d814v9ddsatf&b=3&s=jg
6,7,1,1,added,2018-04-23 14:53:44,2020-04-22 14:53:44,0,0,2018-04-23 14:53:44,yahooapis.com,1587581624,.yahooapis.com,1,0,BX,/,0,0,5d814v9ddsatf&b=3&s=jg
7,8,1,1,added,2018-04-23 14:53:44,2018-04-23 15:08:44,0,0,2018-04-23 14:53:44,doubleclick.net,1524510524,.doubleclick.net,1,0,test_cookie,/,0,0,CheckForPermission
8,9,1,1,deleted,2018-04-23 14:53:44,2018-04-23 15:08:44,0,0,2018-04-23 14:53:44,doubleclick.net,1524510524,.doubleclick.net,1,0,test_cookie,/,0,0,CheckForPermission
9,10,1,1,added,2018-04-23 14:53:44,2020-04-22 14:53:44,1,0,2018-04-23 14:53:44,doubleclick.net,1587581624,.doubleclick.net,1,0,IDE,/,0,0,AHWqTUm2ev5HD4NYYDW1jnzk76mSB5Kub1QsEM1k8osM4f5fmpqWfU9xuGt5Djow
10,11,1,1,added,2018-04-23 14:53:45,2019-04-23 14:53:44,0,0,2018-04-23 14:53:45,casalemedia.com,1556045624,.casalemedia.com,1,0,CMID,/,0,0,Wt4ruNHM6XQAAAT3f9sAAAAF
11,12,1,1,added,2018-04-23 14:53:45,2018-07-22 14:53:44,0,0,2018-04-23 14:53:45,casalemedia.com,1532285624,.casalemedia.com,1,0,CMPS,/,0,0,3544
12,13,1,1,added,2018-04-23 14:53:45,2018-04-24 14:53:45,1,0,2018-04-23 14:53:45,adnxs.com,1524596025,.adnxs.com,1,0,sess,/,0,0,1
13,14,1,1,added,2018-04-23 14:53:45,2018-07-22 14:53:45,1,0,2018-04-23 14:53:45,adnxs.com,1532285625,.adnxs.com,1,0,uuid2,/,0,0,1405352959520809223
14,15,1,1,changed,2018-04-23 14:53:45,2019-04-23 14:53:45,0,0,2018-04-23 14:53:45,casalemedia.com,1556045625,.casalemedia.com,1,0,CMID,/,0,0,Wt4ruNHM6XQAAAT3f9sAAAAF
15,16,1,1,changed,2018-04-23 14:53:45,2018-07-22 14:53:45,0,0,2018-04-23 14:53:45,casalemedia.com,1532285625,.casalemedia.com,1,0,CMPS,/,0,0,3544
16,17,1,1,added,2018-04-23 14:53:46,2018-07-22 14:53:45,0,0,2018-04-23 14:53:46,casalemedia.com,1532285625,.casalemedia.com,1,0,CMPRO,/,0,0,473
17,18,1,1,added,2018-04-23 14:53:46,2018-04-24 14:53:45,0,0,2018-04-23 14:53:46,casalemedia.com,1524596025,.casalemedia.com,1,0,CMST,/,0,0,Wt4ruVreK7kA
18,19,1,1,added,2018-04-23 14:53:46,9999-12-31 23:59:59,0,1,2018-04-23 14:53:46,casalemedia.com,0,.casalemedia.com,1,0,CMSC,/,0,0,Wt4ruQ**
19,20,1,1,added,2018-04-23 14:53:46,2018-04-24 14:53:45,0,0,2018-04-23 14:53:46,casalemedia.com,1524596025,.casalemedia.com,1,0,CMDD,/,0,0,
20,21,1,1,added,2018-04-23 14:53:46,2018-10-20 14:53:45,0,0,2018-04-23 14:53:46,bluekai.com,1540061625,.bluekai.com,1,0,bkdc,/,0,0,phx
21,22,1,1,added,2018-04-23 14:53:46,2018-10-20 14:53:45,0,0,2018-04-23 14:53:46,bluekai.com,1540061625,.bluekai.com,1,0,bku,/,0,0,OoL99nAglkGruXG2
22,23,1,1,added,2018-04-23 14:53:46,2018-10-20 14:53:46,0,0,2018-04-23 14:53:46,krxd.net,1540061626,.krxd.net,1,0,_kuid_,/,0,0,L7Qw_0C1
23,24,1,1,changed,2018-04-23 14:53:35,2019-04-23 14:53:46,0,0,2018-04-23 14:53:46,yahoo.com,1556045626,.yahoo.com,1,0,B,/,0,0,5d814v9ddsatf&b=3&s=jg
24,25,1,1,added,2018-04-23 14:53:46,2019-04-23 14:53:46,0,0,2018-04-23 14:53:46,yahoo.com,1556045626,.yahoo.com,1,0,ucs,/,0,0,lnct=1524509626
25,26,1,1,added,2018-04-23 14:53:47,2019-04-23 14:53:47,0,0,2018-04-23 14:53:47,www.yahoo.com,1556045627,.www.yahoo.com,1,0,apeaf,/,0,0,td-applet-stream=%7B%22tmpl%22%3A%22items%22%7D
26,27,1,1,changed,2018-04-23 14:53:47,2019-04-23 14:53:47,0,0,2018-04-23 14:53:47,www.yahoo.com,1556045627,.www.yahoo.com,1,0,apeaf,/,0,0,td-applet-stream=%7B%22tmpl%22%3A%22items%22%2C%22lv%22%3A1524511427164%7D
27,28,1,1,changed,2018-04-23 14:53:46,2018-10-20 14:53:46,0,0,2018-04-23 14:53:47,bluekai.com,1540061626,.bluekai.com,1,0,bku,/,0,0,OoL99nAglkGruXG2
28,29,1,1,added,2018-04-23 14:53:47,2019-05-24 08:07:07,0,0,2018-04-23 14:53:47,addthis.com,1558699627,.addthis.com,1,0,na_tc,/,0,0,Y
29,30,1,1,added,2018-04-23 14:53:47,2018-05-23 14:53:47,0,0,2018-04-23 14:53:47,dlx.addthis.com,1527101627,.dlx.addthis.com,1,0,na_sc_x,/,0,0,1
30,31,1,1,changed,2018-04-23 14:53:35,2019-04-23 14:53:48,0,0,2018-04-23 14:53:48,yahoo.com,1556045628,.yahoo.com,1,0,B,/,0,0,5d814v9ddsatf&b=3&s=jg
31,32,1,1,added,2018-04-23 14:53:48,2018-04-24 14:53:48,0,0,2018-04-23 14:53:48,yimg.com,1524596028,.yimg.com,1,0,ypcdb,/,0,0,a10eb717e5d3e376611b0307ace5aa15
32,33,1,1,changed,2018-04-23 14:53:46,2018-10-20 14:53:49,0,0,2018-04-23 14:53:49,bluekai.com,1540061629,.bluekai.com,1,0,bku,/,0,0,OoL99nAglkGruXG2
33,34,2,2,added,2018-04-23 15:01:36,2019-04-23 15:01:36,0,0,2018-04-23 15:01:36,techcrunch.com,1556046096,.techcrunch.com,1,0,rxx,/,0,0,2k1sguc0esc.13kbckgo&v=1
34,35,2,2,added,2018-04-23 15:01:36,9999-12-31 23:59:59,0,1,2018-04-23 15:01:36,techcrunch.com,0,techcrunch.com,0,0,__pcvc,/,0,0,{}
35,36,2,2,added,2018-04-23 15:01:38,2020-04-23 15:01:38,0,0,2018-04-23 15:01:38,techcrunch.com,1587668498,techcrunch.com,0,0,AMCV_6B25357E519160E40A490D44%40AdobeOrg,/,0,0,T
36,37,2,2,added,2018-04-23 15:01:38,2018-10-23 05:55:52,0,0,2018-04-23 15:01:38,techcrunch.com,1540288552,.techcrunch.com,1,0,_vdl,/,0,0,1
37,38,2,2,added,2018-04-23 15:01:38,2019-04-23 15:01:37,0,0,2018-04-23 15:01:38,yahoo.com,1556046097,.yahoo.com,1,0,B,/,0,0,4jsvr25ddsbch&b=3&s=6n
38,39,2,2,added,2018-04-23 15:01:38,2018-04-23 15:31:38,0,0,2018-04-23 15:01:38,techcrunch.com,1524511898,.techcrunch.com,1,1,GUCS,/,0,0,AfFrENQE
39,40,2,2,added,2018-04-23 15:01:39,2019-04-23 15:01:38,1,0,2018-04-23 15:01:39,npttech.com,1556046098,.npttech.com,1,0,__cfduid,/,0,0,d0f61029a18cb561f007dd7b08f3211931524510098
40,41,2,2,changed,2018-04-23 15:01:38,2019-04-23 15:01:38,0,0,2018-04-23 15:01:39,yahoo.com,1556046098,.yahoo.com,1,0,B,/,0,0,djb9aodddsbci&b=3&s=bv
41,42,2,2,added,2018-04-23 15:01:39,2019-04-23 15:01:38,1,0,2018-04-23 15:01:39,tinypass.com,1556046098,.tinypass.com,1,0,__cfduid,/,0,0,da05d8db3176342ee348c6e7be3e9d46e1524510098
42,43,2,2,added,2018-04-23 15:01:40,2018-10-20 15:01:39,0,0,2018-04-23 15:01:40,demdex.net,1540062099,.demdex.net,1,0,demdex,/,0,0,88363988235918550014029878440204763451
43,44,2,2,added,2018-04-23 15:01:40,2020-04-22 15:01:40,0,0,2018-04-23 15:01:40,techcrunch.com,1587582100,.techcrunch.com,1,0,_ga,/,0,0,GA1.2.1432047100.1524510100
44,45,2,2,added,2018-04-23 15:01:40,2018-04-24 15:01:40,0,0,2018-04-23 15:01:40,techcrunch.com,1524596500,.techcrunch.com,1,0,_gid,/,0,0,GA1.2.1578977107.1524510100
45,46,2,2,added,2018-04-23 15:01:40,2018-04-23 15:02:40,0,0,2018-04-23 15:01:40,techcrunch.com,1524510160,.techcrunch.com,1,0,_gat,/,0,0,1
46,47,2,2,added,2018-04-23 15:01:41,9999-12-31 23:59:59,0,1,2018-04-23 15:01:41,atwola.com,0,.atwola.com,1,0,CfP,/,0,0,1
47,48,2,2,added,2018-04-23 15:01:41,2019-04-23 15:01:41,0,0,2018-04-23 15:01:41,techcrunch.com,1556046101,.techcrunch.com,1,0,BX,/,0,0,fu8h6s5ddsbcl&b=3&s=va
48,49,2,2,added,2018-04-23 15:01:42,2018-04-24 15:01:41,0,0,2018-04-23 15:01:42,techcrunch.com,1524596501,.techcrunch.com,1,1,GUC,/,0,0,AQEBAQBa3jta30IgkATG&s=AQAAAOat1dXe&g=Wt4tnw
49,50,2,2,changed,2018-04-23 15:01:40,2018-10-20 15:01:43,0,0,2018-04-23 15:01:43,demdex.net,1540062103,.demdex.net,1,0,demdex,/,0,0,88363988235918550014029878440204763451
50,51,2,2,changed,2018-04-23 15:01:38,2020-04-23 15:01:43,0,0,2018-04-23 15:01:43,techcrunch.com,1587668503,techcrunch.com,0,0,AMCV_6B25357E519160E40A490D44%40AdobeOrg,/,0,0,1099438348%7CMCMID%7C83298675215038409294527686208448006147%7CvVersion%7C2.1.0
51,52,2,2,changed,2018-04-23 15:01:38,2020-04-23 15:01:43,0,0,2018-04-23 15:01:43,techcrunch.com,1587668503,techcrunch.com,0,0,AMCV_6B25357E519160E40A490D44%40AdobeOrg,/,0,0,1099438348%7CMCMID%7C83298675215038409294527686208448006147%7CMCAAMLH-1525114903%7C7%7CvVersion%7C2.1.0
52,53,2,2,changed,2018-04-23 15:01:38,2020-04-23 15:01:43,0,0,2018-04-23 15:01:43,techcrunch.com,1587668503,techcrunch.com,0,0,AMCV_6B25357E519160E40A490D44%40AdobeOrg,/,0,0,1099438348%7CMCMID%7C83298675215038409294527686208448006147%7CMCAAMLH-1525114903%7C7%7CMCAAMB-1525114903%7CRKhpRz8krg2tLO6pguXWp5olkAcUniQYPHaMWWgdJ3xzPWQmdj0y%7CvVersion%7C2.1.0
53,54,2,2,added,2018-04-23 15:01:43,9999-12-31 23:59:59,0,1,2018-04-23 15:01:43,techcrunch.com,0,techcrunch.com,0,0,AMCVS_6B25357E519160E40A490D44%40AdobeOrg,/,0,0,1
54,55,2,2,changed,2018-04-23 15:01:38,2020-04-23 15:01:43,0,0,2018-04-23 15:01:43,techcrunch.com,1587668503,techcrunch.com,0,0,AMCV_6B25357E519160E40A490D44%40AdobeOrg,/,0,0,1099438348%7CMCMID%7C83298675215038409294527686208448006147%7CMCAAMLH-1525114903%7C7%7CMCAAMB-1525114903%7CRKhpRz8krg2tLO6pguXWp5olkAcUniQYPHaMWWgdJ3xzPWQmdj0y%7CMCOPTOUT-1524517303s%7CNONE%7CvVersion%7C2.1.0
55,56,2,2,added,2018-04-23 15:01:43,2018-10-23 05:56:06,0,0,2018-04-23 15:01:43,b.aol.com,1540288566,.b.aol.com,1,0,dlV,/,0,0,1:1:1524510103:0:1524510103
56,57,2,2,added,2018-04-23 15:01:43,2018-10-23 05:56:06,0,0,2018-04-23 15:01:43,b.aol.com,1540288566,.b.aol.com,1,0,MUNAUTHID,/,0,0,1.038bffeed0c54e06ba4158356879d4da.452d
57,58,2,2,added,2018-04-23 15:01:43,9999-12-31 23:59:59,0,1,2018-04-23 15:01:43,b.aol.com,0,.b.aol.com,1,0,dlS,/,0,0,1524510103
58,59,2,2,changed,2018-04-23 15:01:40,2018-10-20 15:01:44,0,0,2018-04-23 15:01:44,demdex.net,1540062104,.demdex.net,1,0,demdex,/,0,0,88363988235918550014029878440204763451
59,60,2,2,changed,2018-04-23 15:01:38,2020-04-23 15:01:44,0,0,2018-04-23 15:01:44,techcrunch.com,1587668504,techcrunch.com,0,0,AMCV_6B25357E519160E40A490D44%40AdobeOrg,/,0,0,1099438348%7CMCMID%7C83298675215038409294527686208448006147%7CMCAAMLH-1525114903%7C7%7CMCAAMB-1525114903%7CRKhpRz8krg2tLO6pguXWp5olkAcUniQYPHaMWWgdJ3xzPWQmdj0y%7CMCOPTOUT-1524517303s%7CNONE%7CMCAID%7CNONE%7CvVersion%7C2.1.0
60,61,2,2,added,2018-04-23 15:01:44,2020-04-22 15:01:44,0,0,2018-04-23 15:01:44,techcrunch.com,1587582104,.techcrunch.com,1,0,s_pers,/,0,0,%20s_getnr%3D1524510104468-New%7C1587582104468%3B
61,62,2,2,changed,2018-04-23 15:01:44,2020-04-22 15:01:44,0,0,2018-04-23 15:01:44,techcrunch.com,1587582104,.techcrunch.com,1,0,s_pers,/,0,0,%20s_getnr%3D1524510104468-New%7C1587582104468%3B%20s_nrgvo%3DNew%7C1587582104478%3B
62,63,2,2,added,2018-04-23 15:01:44,9999-12-31 23:59:59,0,1,2018-04-23 15:01:44,techcrunch.com,0,.techcrunch.com,1,0,s_cc,/,0,0,true
63,64,2,2,added,2018-04-23 15:01:44,2020-04-22 15:01:44,0,0,2018-04-23 15:01:44,everesttech.net,1587582104,.everesttech.net,1,0,everest_g_v2,/,0,0,g_surferid~Wt4tmAAAC1Sau5J_
64,65,2,2,added,2018-04-23 15:01:44,9999-12-31 23:59:59,0,1,2018-04-23 15:01:44,everesttech.net,0,.everesttech.net,1,0,everest_session_v2,/,0,0,Wt4tmAAAC1SavZJ@
65,66,2,2,added,2018-04-23 15:01:44,2018-10-23 05:56:07,0,0,2018-04-23 15:01:44,techcrunch.com,1540288567,.techcrunch.com,1,0,UNAUTHID,/,0,0,1.038bffeed0c54e06ba4158356879d4da.89a3
66,67,2,2,added,2018-04-23 15:01:44,2018-04-24 03:01:44,0,0,2018-04-23 15:01:44,techcrunch.com,1524553304,.techcrunch.com,1,0,CUNAUTHID,/,0,0,1.038bffeed0c54e06ba4158356879d4da.89a3
67,68,2,2,added,2018-04-23 15:01:44,9999-12-31 23:59:59,0,1,2018-04-23 15:01:44,advertising.com,0,.advertising.com,1,0,CfP,/,0,0,2
68,69,2,2,added,2018-04-23 15:01:44,2020-04-12 15:01:44,0,0,2018-04-23 15:01:44,scorecardresearch.com,1586718104,.scorecardresearch.com,1,0,UID,/,0,0,14A24a14319915629715ecg1524510104
69,70,2,2,added,2018-04-23 15:01:44,2020-04-12 15:01:44,0,0,2018-04-23 15:01:44,scorecardresearch.com,1586718104,.scorecardresearch.com,1,0,UIDR,/,0,0,1524510104
70,71,2,2,added,2018-04-23 15:01:45,2018-10-20 15:01:44,0,0,2018-04-23 15:01:45,dpm.demdex.net,1540062104,.dpm.demdex.net,1,0,dpm,/,0,0,88363988235918550014029878440204763451
71,72,2,2,changed,2018-04-23 15:01:38,2020-04-23 15:01:45,0,0,2018-04-23 15:01:45,techcrunch.com,1587668505,techcrunch.com,0,0,AMCV_6B25357E519160E40A490D44%40AdobeOrg,/,0,0,1099438348%7CMCMID%7C83298675215038409294527686208448006147%7CMCAAMLH-1525114903%7C7%7CMCAAMB-1525114903%7CRKhpRz8krg2tLO6pguXWp5olkAcUniQYPHaMWWgdJ3xzPWQmdj0y%7CMCOPTOUT-1524517303s%7CNONE%7CMCAID%7CNONE%7CMCSYNCSOP%7C411-17652%7CvVersion%7C2.1.0
72,73,2,2,added,2018-04-23 15:01:45,2019-04-24 15:01:44,0,0,2018-04-23 15:01:45,advertising.com,1556132504,.advertising.com,1,0,APID,/,0,0,1Aef3c650b-56e7-456e-afdf-85dee24456bd
73,74,2,2,changed,2018-04-23 15:01:45,2019-04-24 15:01:44,0,0,2018-04-23 15:01:45,advertising.com,1556132504,.advertising.com,1,0,APID,/,0,0,1Acaec61fa-85d4-49b0-822c-bbfdfc164400
74,75,2,2,changed,2018-04-23 15:01:45,2019-04-24 15:01:44,0,0,2018-04-23 15:01:45,advertising.com,1556132504,.advertising.com,1,0,APID,/,0,0,1A766a9915-0042-45e4-8b6c-1f4e167612d0
75,76,2,2,added,2018-04-23 15:01:45,2019-04-24 15:01:44,0,0,2018-04-23 15:01:45,atwola.com,1556132504,.atwola.com,1,0,APID,/,0,0,1Aef3c650b-56e7-456e-afdf-85dee24456bd
76,77,2,2,added,2018-04-23 15:01:45,2019-04-24 15:01:44,0,0,2018-04-23 15:01:45,atwola.com,1556132504,.atwola.com,1,0,APIDTS,/,0,0,1524510105
77,78,2,2,changed,2018-04-23 15:01:45,2019-04-24 15:01:45,0,0,2018-04-23 15:01:45,atwola.com,1556132505,.atwola.com,1,0,APID,/,0,0,1Acaec61fa-85d4-49b0-822c-bbfdfc164400
78,79,2,2,changed,2018-04-23 15:01:45,2019-04-24 15:01:45,0,0,2018-04-23 15:01:45,atwola.com,1556132505,.atwola.com,1,0,APIDTS,/,0,0,1524510105
79,80,2,2,changed,2018-04-23 15:01:45,2019-04-24 15:01:45,0,0,2018-04-23 15:01:45,atwola.com,1556132505,.atwola.com,1,0,APID,/,0,0,1A766a9915-0042-45e4-8b6c-1f4e167612d0
80,81,2,2,changed,2018-04-23 15:01:45,2019-04-24 15:01:46,0,0,2018-04-23 15:01:46,advertising.com,1556132506,.advertising.com,1,0,APID,/,0,0,1A766a9915-0042-45e4-8b6c-1f4e167612d0
81,82,2,2,changed,2018-04-23 15:01:45,2019-04-24 15:01:45,0,0,2018-04-23 15:01:46,advertising.com,1556132505,.advertising.com,1,0,APID,/,0,0,1A766a9915-0042-45e4-8b6c-1f4e167612d0
82,83,2,2,added,2018-04-23 15:01:47,2019-04-24 15:01:45,0,0,2018-04-23 15:01:47,pictela.net,1556132505,.pictela.net,1,0,APID,/,0,0,1A766a9915-0042-45e4-8b6c-1f4e167612d0
83,84,2,2,added,2018-04-23 15:01:47,2019-04-24 15:01:45,0,0,2018-04-23 15:01:47,pictela.net,1556132505,.pictela.net,1,0,APIDTS,/,0,0,1524510106
84,85,2,2,changed,2018-04-23 15:01:47,2019-04-24 15:01:46,0,0,2018-04-23 15:01:47,pictela.net,1556132506,.pictela.net,1,0,APID,/,0,0,1A766a9915-0042-45e4-8b6c-1f4e167612d0
85,86,2,2,changed,2018-04-23 15:01:47,2019-04-24 15:01:46,0,0,2018-04-23 15:01:47,pictela.net,1556132506,.pictela.net,1,0,APIDTS,/,0,0,1524510106
86,87,2,2,added,2018-04-23 15:01:47,2118-03-30 14:01:47,1,0,2018-04-23 15:01:47,config.parsely.com,4678110107,.config.parsely.com,1,0,parsely_network_uuid,/,0,0,06a08b04-0c6e-43b7-b47e-432ee4216c86
87,88,2,2,added,2018-04-23 15:01:47,2020-04-22 15:01:47,0,0,2018-04-23 15:01:47,tinypass.com,1587582107,.tinypass.com,1,0,__bid,/,0,0,%7Bjcx%7DH4sIAAAAAAAAAFPKsyjN8QgwqcovdU0y8nFODIjMK3cz8s5KLMivqkxKDLbMyjH0d88qyQ0rNzfLCs2ITDHLds5K8s-MTHNTAgBlE2IuPgAAAA
88,89,2,2,added,2018-04-23 15:01:47,2020-04-22 15:01:47,0,0,2018-04-23 15:01:47,techcrunch.com,1587582107,.techcrunch.com,1,0,__tbc,/,0,0,%7Bjzx%7DjGAToaZMxJYLoS7N4KRjDVYdjmIqdfgGVkQYm9V78KKS7Z9LSTV8BwkG-1tivcv7rtl9NPtlWeTgpUjzj77YUdyEhdXNC09W4fqlTvUskbwlx2qPVipoZ3RKMsMr4E0jOzaeIILFhlSTw5lulLLvTw
89,90,2,2,added,2018-04-23 15:01:47,9999-12-31 23:59:59,0,1,2018-04-23 15:01:47,techcrunch.com,0,techcrunch.com,0,0,__pat,/,0,0,-14400000
90,91,2,2,added,2018-04-23 15:01:47,2018-04-24 15:01:47,0,0,2018-04-23 15:01:47,techcrunch.com,1524596507,.techcrunch.com,1,0,__pvi,/,0,0,%7B%22id%22%3A%22v-2018-04-23-15-01-46-904-O5vJuVrlaRyBUFBL-8a2451f7ce931e1913caad218a11b813%22%2C%22domain%22%3A%22.techcrunch.com%22%2C%22time%22%3A1524510107280%7D
91,92,2,2,added,2018-04-23 15:01:47,2020-04-22 15:01:47,0,0,2018-04-23 15:01:47,techcrunch.com,1587582107,.techcrunch.com,1,0,xbc,/,0,0,%7Bjzx%7DptHMUfnKxG3IvhwwCz4ixfBBslxLobc8gRjqdVwjmxF8o_MBuha_hU1eKBNrLy88uzWwzgb2pAJweBLzHY6p2YGJY3l83UE5Yf6TC6SHE_I-YS1H1XeZFd52E-nsvk8abOkmtpTXPb59IeuQkh_YcPcvzDJJZ-Kj2ajTmg91MlSLNr9KG97a7LCW6qfJXaarvLRsm_43y8tPJJxD2aRsc8iZI3LM_0OAIFmhWe3Q7iA
92,93,2,2,added,2018-04-23 15:01:47,9999-12-31 23:59:59,0,1,2018-04-23 15:01:47,techcrunch.com,0,techcrunch.com,0,0,cookies.js,/,0,0,1
93,94,2,2,deleted,2018-04-23 15:01:47,9999-12-31 23:59:59,0,1,2018-04-23 15:01:47,techcrunch.com,0,techcrunch.com,0,0,cookies.js,/,0,0,1
94,95,2,2,added,2018-04-23 15:01:47,9999-12-31 23:59:59,0,1,2018-04-23 15:01:47,techcrunch.com,0,.techcrunch.com,1,0,cookies.js_dtest,/,0,0,1
95,96,2,2,deleted,2018-04-23 15:01:47,9999-12-31 23:59:59,0,1,2018-04-23 15:01:47,techcrunch.com,0,.techcrunch.com,1,0,cookies.js_dtest,/,0,0,1
96,97,2,2,added,2018-04-23 15:01:47,2019-05-24 01:01:47,0,0,2018-04-23 15:01:47,techcrunch.com,1558674107,.techcrunch.com,1,0,_parsely_visitor,/,0,0,{%22id%22:%22b5f5f131-14db-4cdd-a965-527d7cc8a240%22%2C%22session_count%22:0%2C%22last_session_ts%22:0}
97,98,2,2,added,2018-04-23 15:01:47,2018-04-23 15:31:47,0,0,2018-04-23 15:01:47,techcrunch.com,1524511907,.techcrunch.com,1,0,_parsely_session,/,0,0,{%22sid%22:1%2C%22surl%22:%22https://techcrunch.com/%22%2C%22sref%22:%22%22%2C%22sts%22:1524510107976%2C%22slts%22:0}
98,99,2,2,changed,2018-04-23 15:01:47,2019-05-24 01:01:47,0,0,2018-04-23 15:01:47,techcrunch.com,1558674107,.techcrunch.com,1,0,_parsely_visitor,/,0,0,{%22id%22:%22b5f5f131-14db-4cdd-a965-527d7cc8a240%22%2C%22session_count%22:1%2C%22last_session_ts%22:1524510107976}
99,100,2,2,added,2018-04-23 15:01:48,2018-04-23 15:16:47,0,0,2018-04-23 15:01:48,doubleclick.net,1524511007,.doubleclick.net,1,0,test_cookie,/,0,0,CheckForPermission
100,101,2,2,changed,2018-04-23 15:01:48,2018-04-23 15:16:48,0,0,2018-04-23 15:01:48,doubleclick.net,1524511008,.doubleclick.net,1,0,test_cookie,/,0,0,CheckForPermission
101,102,2,2,added,2018-04-23 15:01:50,2018-05-23 15:01:50,0,0,2018-04-23 15:01:50,techcrunch.com,1527102110,techcrunch.com,0,0,__adblocker,/,0,0,false
102,103,2,2,added,2018-04-23 15:01:50,2019-04-23 15:01:50,0,0,2018-04-23 15:01:50,cdn.at.atwola.com,1556046110,cdn.at.atwola.com,0,0,ads3PTest,/,0,0,yes
103,104,2,2,deleted,2018-04-23 15:01:50,2019-04-23 15:01:50,0,0,2018-04-23 15:01:50,cdn.at.atwola.com,1556046110,cdn.at.atwola.com,0,0,ads3PTest,/,0,0,yes
104,105,2,2,added,2018-04-23 15:01:50,2018-04-30 15:01:50,0,0,2018-04-23 15:01:50,cdn.at.atwola.com,1525114910,cdn.at.atwola.com,0,0,atwpings,/,0,0,1
105,106,2,2,added,2018-04-23 15:01:51,9999-12-31 23:59:59,0,1,2018-04-23 15:01:51,nr-data.net,0,.nr-data.net,1,1,JSESSIONID,/,0,0,141aac27ae78dd48
106,107,2,2,added,2018-04-23 15:01:51,2019-04-24 15:01:51,0,0,2018-04-23 15:01:51,advertising.com,1556132511,.advertising.com,1,0,IDSYNC,/,0,0,17kh~1dfv
107,108,2,2,changed,2018-04-23 15:01:45,2019-04-24 15:01:51,0,0,2018-04-23 15:01:51,advertising.com,1556132511,.advertising.com,1,0,APID,/,0,0,UPdd4ac958-4728-11e8-9a46-0690d99ea3c0
108,109,2,2,added,2018-04-23 15:01:51,2019-04-23 15:01:51,0,0,2018-04-23 15:01:51,adsrvr.org,1556046111,.adsrvr.org,1,0,TDID,/,0,0,56a30da4-8244-42bd-a692-88de9253b369
109,110,2,2,added,2018-04-23 15:01:51,2019-04-23 15:01:51,0,0,2018-04-23 15:01:51,adsrvr.org,1556046111,.adsrvr.org,1,0,TDCPM,/,0,0,CAEYBSgCMgsIxIHq8-zVlDYQBTgB
110,111,2,2,deleted,2018-04-23 15:01:48,2018-04-23 15:16:48,0,0,2018-04-23 15:01:48,doubleclick.net,1524511008,.doubleclick.net,1,0,test_cookie,/,0,0,CheckForPermission
111,112,2,2,added,2018-04-23 15:01:51,2020-04-22 15:01:51,1,0,2018-04-23 15:01:51,doubleclick.net,1587582111,.doubleclick.net,1,0,IDE,/,0,0,AHWqTUlnVgc6QDDX5y5vAs7Z6BMv__pcQ6ev6SD48Aiu0NBpLo72vZAb8g
112,113,2,2,added,2018-04-23 15:01:51,2019-04-23 15:01:51,0,0,2018-04-23 15:01:51,bidswitch.net,1556046111,.bidswitch.net,1,0,tuuid,/,0,0,469e90bd-10d1-4a6a-adf5-25ccc37fef19
113,114,2,2,added,2018-04-23 15:01:51,2019-04-23 15:01:51,0,0,2018-04-23 15:01:51,bidswitch.net,1556046111,.bidswitch.net,1,0,tuuid_lu,/,0,0,1524510111
114,115,2,2,added,2018-04-23 15:01:51,2019-04-23 15:01:51,0,0,2018-04-23 15:01:51,bidswitch.net,1556046111,.bidswitch.net,1,0,c,/,0,0,1524510111
115,116,2,2,changed,2018-04-23 15:01:38,2019-04-23 15:01:52,0,0,2018-04-23 15:01:52,yahoo.com,1556046112,.yahoo.com,1,0,B,/,0,0,djb9aodddsbci&b=3&s=bv
116,117,2,2,changed,2018-04-23 15:01:45,2019-04-24 15:01:52,0,0,2018-04-23 15:01:52,advertising.com,1556132512,.advertising.com,1,0,APID,/,0,0,UPdd4ac958-4728-11e8-9a46-0690d99ea3c0
117,118,2,2,changed,2018-04-23 15:01:51,2019-04-23 15:01:52,0,0,2018-04-23 15:01:52,adsrvr.org,1556046112,.adsrvr.org,1,0,TDID,/,0,0,56a30da4-8244-42bd-a692-88de9253b369
118,119,2,2,changed,2018-04-23 15:01:51,2019-04-23 15:01:52,0,0,2018-04-23 15:01:52,adsrvr.org,1556046112,.adsrvr.org,1,0,TDCPM,/,0,0,CAESGAoJYW9sYWR0ZWNoEgsIqJT0z9bVlDYQBRgFIAEoAjILCMSB6vPs1ZQ2EAU4AQ..
119,120,2,2,changed,2018-04-23 15:01:51,2019-04-23 15:01:52,0,0,2018-04-23 15:01:52,bidswitch.net,1556046112,.bidswitch.net,1,0,tuuid,/,0,0,469e90bd-10d1-4a6a-adf5-25ccc37fef19
120,121,2,2,changed,2018-04-23 15:01:51,2019-04-23 15:01:52,0,0,2018-04-23 15:01:52,bidswitch.net,1556046112,.bidswitch.net,1,0,tuuid_lu,/,0,0,1524510112
121,122,2,2,changed,2018-04-23 15:01:40,2018-10-20 15:01:52,0,0,2018-04-23 15:01:52,demdex.net,1540062112,.demdex.net,1,0,demdex,/,0,0,88363988235918550014029878440204763451
122,123,2,2,changed,2018-04-23 15:01:45,2018-10-20 15:01:52,0,0,2018-04-23 15:01:52,dpm.demdex.net,1540062112,.dpm.demdex.net,1,0,dpm,/,0,0,88363988235918550014029878440204763451
123,124,2,2,changed,2018-04-23 15:01:51,2019-04-23 15:01:52,0,0,2018-04-23 15:01:52,advertising.com,1556046112,.advertising.com,1,0,IDSYNC,/,0,0,38~1dfq:17kh~0
124,125,2,2,added,2018-04-23 15:01:52,2018-08-21 15:01:52,0,0,2018-04-23 15:01:52,exelator.com,1534878112,.exelator.com,1,0,EE,/,0,0,"""1181ddc94d07f01a9b6774d60de3cc87"""
125,126,2,2,added,2018-04-23 15:01:52,2018-08-21 15:01:52,0,0,2018-04-23 15:01:52,exelator.com,1534878112,.exelator.com,1,0,ud,/,0,0,"""eJxrXxzq6XKLQcHQ0MIwJSXZ0iTFwDzNwDDRMsnM3NwkxcwgJdU4OdnCfHFZatGCpaXFqSlJh5ZU5JTkNK0uiw91jHdz9PX0iVywAswJcw1asCS%252FKDN9UWjw4qKUNMZFJcWngjdWfgQASMUn1Q%253D%253D"""
126,127,2,2,added,2018-04-23 15:01:52,2018-10-20 15:01:52,0,0,2018-04-23 15:01:52,bluekai.com,1540062112,.bluekai.com,1,0,bkdc,/,0,0,phx
127,128,2,2,added,2018-04-23 15:01:52,2018-10-20 15:01:52,0,0,2018-04-23 15:01:52,bluekai.com,1540062112,.bluekai.com,1,0,bku,/,0,0,5CW99v9+lkGUs3zN
128,129,2,2,added,2018-04-23 15:01:52,2018-10-20 15:01:49,0,0,2018-04-23 15:01:52,rlcdn.com,1540062109,.rlcdn.com,1,0,ck1,/,0,0,ck1
129,130,2,2,changed,2018-04-23 15:01:51,2019-04-24 15:01:52,0,0,2018-04-23 15:01:52,advertising.com,1556132512,.advertising.com,1,0,IDSYNC,/,0,0,17kh~1dfv
130,131,2,2,changed,2018-04-23 15:01:51,2019-04-24 15:01:53,0,0,2018-04-23 15:01:53,advertising.com,1556132513,.advertising.com,1,0,IDSYNC,/,0,0,"""17kh~1dfv:1769~1dfv"""
131,132,2,2,changed,2018-04-23 15:01:45,2019-04-24 15:01:53,0,0,2018-04-23 15:01:53,advertising.com,1556132513,.advertising.com,1,0,APID,/,0,0,UPdd4ac958-4728-11e8-9a46-0690d99ea3c0
132,133,2,2,added,2018-04-23 15:01:53,2019-04-23 15:01:52,0,0,2018-04-23 15:01:53,agkn.com,1556046112,.agkn.com,1,0,ab,/,0,0,0001%3AIclAYS1P%2FZUKMnfBXBHzqb0eQMGBW7sy
133,134,2,2,changed,2018-04-23 15:01:51,2019-04-24 15:01:53,0,0,2018-04-23 15:01:53,advertising.com,1556132513,.advertising.com,1,0,IDSYNC,/,0,0,"""38~1dfq:17kh~0:s~1dfv"""
134,135,2,2,added,2018-04-23 15:01:53,2020-04-22 15:01:53,0,0,2018-04-23 15:01:53,adaptv.advertising.com,1587582113,.adaptv.advertising.com,1,0,rtbData0,/,0,0,"""key=tubemogul:value=Wt4tmAAAC1Sau5J_:expiresAt=1527102113,ver=2"""
135,136,2,2,changed,2018-04-23 15:01:53,2020-04-22 15:01:53,0,0,2018-04-23 15:01:53,adaptv.advertising.com,1587582113,.adaptv.advertising.com,1,0,rtbData0,/,0,0,"""key=invitemedianewyork2:value=CAESELqzlCkCU3lW2YEu5UrMnmw:expiresAt=1532286113,ver=2"""
136,137,2,2,changed,2018-04-23 15:01:51,2019-04-23 15:01:53,0,0,2018-04-23 15:01:53,advertising.com,1556046113,.advertising.com,1,0,IDSYNC,/,0,0,s~1dfq:38~1dfq:17kh~0
137,138,2,2,added,2018-04-23 15:01:53,2018-07-22 15:01:53,0,0,2018-04-23 15:01:53,adsymptotic.com,1532286113,.adsymptotic.com,1,0,U,/,0,0,bf268004579588b6198c16b0f6c940a9
138,139,2,2,changed,2018-04-23 15:01:52,2018-08-21 15:01:53,0,0,2018-04-23 15:01:53,exelator.com,1534878113,.exelator.com,1,0,EE,/,0,0,"""1181ddc94d07f01a9b6774d60de3cc87"""
139,140,2,2,changed,2018-04-23 15:01:52,2018-08-21 15:01:53,0,0,2018-04-23 15:01:53,exelator.com,1534878113,.exelator.com,1,0,ud,/,0,0,"""eJxrXxzq6XKLQcHQ0MIwJSXZ0iTFwDzNwDDRMsnM3NwkxcwgJdU4OdnCfHFZatGCpaXFqSlJh5ZU5JTkNK0uiw91jHdz9PX0iVzullmUmpZfsQIsFuYatMjUaEl%252BUWb6otDgxUUpaQyLSopPBW%252Bs%252FAgAqVYrFw%253D%253D"""
140,141,2,2,added,2018-04-23 15:01:53,2018-10-20 15:01:52,0,0,2018-04-23 15:01:53,rlcdn.com,1540062112,.rlcdn.com,1,0,rlas3,/,0,0,/1MLByfzPQcgHSOPk926wt7Ek3Sod6HljCvOUa18JNU=
141,142,2,2,added,2018-04-23 15:01:53,2018-10-20 15:01:50,0,0,2018-04-23 15:01:53,rlcdn.com,1540062110,.rlcdn.com,1,0,rtn1-z,/,0,0,IaPVs8VHz+R6APWO7PoVgyuUwTljhrpYoucJVgZYHvg=
142,143,2,2,added,2018-04-23 15:01:53,2018-10-20 15:01:50,0,0,2018-04-23 15:01:53,rlcdn.com,1540062110,.rlcdn.com,1,0,drtn707673932,/,0,0,Ym23MYwgQdAoUeOxnTkA4A==
143,144,2,2,added,2018-04-23 15:01:53,2019-05-24 08:15:13,0,0,2018-04-23 15:01:53,addthis.com,1558700113,.addthis.com,1,0,na_tc,/,0,0,Y
144,145,2,2,added,2018-04-23 15:01:53,2018-05-23 15:01:53,0,0,2018-04-23 15:01:53,dlx.addthis.com,1527102113,.dlx.addthis.com,1,0,na_sc_x,/,0,0,1
145,146,2,2,changed,2018-04-23 15:01:53,2019-04-23 15:01:53,0,0,2018-04-23 15:01:53,agkn.com,1556046113,.agkn.com,1,0,ab,/,0,0,0001%3AIclAYS1P%2FZUKMnfBXBHzqb0eQMGBW7sy
146,147,2,2,added,2018-04-23 15:01:53,2019-04-23 15:01:53,0,0,2018-04-23 15:01:53,agkn.com,1556046113,.agkn.com,1,0,u,/,0,0,C|0CAAAAAAAInDqIQAAAAAAAwEWAAAAABg0AAAAABDlAAAAAA
147,148,2,2,changed,2018-04-23 15:01:52,2018-10-20 15:01:53,0,0,2018-04-23 15:01:53,bluekai.com,1540062113,.bluekai.com,1,0,bku,/,0,0,5CW99v9+lkGUs3zN
148,149,2,2,changed,2018-04-23 15:01:51,2019-04-24 15:01:53,0,0,2018-04-23 15:01:53,advertising.com,1556132513,.advertising.com,1,0,IDSYNC,/,0,0,"""s~1dfq:38~1dfq:17kh~0:ehg~1dfu"""
149,150,2,2,changed,2018-04-23 15:01:51,2019-04-24 15:01:53,0,0,2018-04-23 15:01:53,advertising.com,1556132513,.advertising.com,1,0,IDSYNC,/,0,0,"""s~1dfq:38~1dfq:17kh~0:di8~1dfv"""
150,151,2,2,changed,2018-04-23 15:01:51,2019-04-23 15:01:53,0,0,2018-04-23 15:01:53,advertising.com,1556046113,.advertising.com,1,0,IDSYNC,/,0,0,s~1dfq:38~1dfq:ehg~1dfq:17kh~0
151,152,2,2,changed,2018-04-23 15:01:51,2019-04-23 15:01:53,0,0,2018-04-23 15:01:53,advertising.com,1556046113,.advertising.com,1,0,IDSYNC,/,0,0,s~1dfq:38~1dfq:di8~1dfq:ehg~1dfq:17kh~0
152,153,2,2,changed,2018-04-23 15:01:51,2019-04-24 15:01:53,0,0,2018-04-23 15:01:53,advertising.com,1556132513,.advertising.com,1,0,IDSYNC,/,0,0,"""s~1dfq:38~1dfq:17kh~0:e2d~1dfu"""
153,154,2,2,changed,2018-04-23 15:01:51,2019-04-23 15:01:54,0,0,2018-04-23 15:01:54,advertising.com,1556046114,.advertising.com,1,0,IDSYNC,/,0,0,s~1dfq:38~1dfq:di8~1dfq:e2d~1dfq:ehg~1dfq:17kh~0
154,155,2,2,changed,2018-04-23 15:01:51,2019-04-24 15:01:54,0,0,2018-04-23 15:01:54,advertising.com,1556132514,.advertising.com,1,0,IDSYNC,/,0,0,"""s~1dfq:38~1dfq:17kh~0:ehg~1dfu:exi~1dfv"""
155,156,2,2,changed,2018-04-23 15:01:45,2019-04-24 15:01:54,0,0,2018-04-23 15:01:54,advertising.com,1556132514,.advertising.com,1,0,APID,/,0,0,UPdd4ac958-4728-11e8-9a46-0690d99ea3c0
156,157,2,2,changed,2018-04-23 15:01:51,2019-04-23 15:01:54,0,0,2018-04-23 15:01:54,advertising.com,1556046114,.advertising.com,1,0,IDSYNC,/,0,0,s~1dfq:38~1dfq:di8~1dfq:e2d~1dfq:ehg~1dfq:exi~1dfq:17kh~0
157,158,2,2,changed,2018-04-23 15:01:51,2019-04-24 15:01:54,0,0,2018-04-23 15:01:54,advertising.com,1556132514,.advertising.com,1,0,IDSYNC,/,0,0,"""s~1dfq:38~1dfq:di8~1dfq:e2d~1dfq:ehg~1dfq:exi~1dfq:17kh~0:173n~1dfv"""
158,159,2,2,changed,2018-04-23 15:01:36,2019-04-23 15:01:54,0,0,2018-04-23 15:01:54,techcrunch.com,1556046114,.techcrunch.com,1,0,rxx,/,0,0,2k1sguc0esc.13kbckgo&v=1
159,160,2,2,changed,2018-04-23 15:01:47,2018-04-23 15:31:55,0,0,2018-04-23 15:01:55,techcrunch.com,1524511915,.techcrunch.com,1,0,_parsely_session,/,0,0,{%22sid%22:1%2C%22surl%22:%22https://techcrunch.com/%22%2C%22sref%22:%22%22%2C%22sts%22:1524510107976%2C%22slts%22:0}
160,161,2,2,changed,2018-04-23 15:01:47,2019-05-24 01:01:55,0,0,2018-04-23 15:01:55,techcrunch.com,1558674115,.techcrunch.com,1,0,_parsely_visitor,/,0,0,{%22id%22:%22b5f5f131-14db-4cdd-a965-527d7cc8a240%22%2C%22session_count%22:1%2C%22last_session_ts%22:1524510107976}
161,162,3,3,added,2018-05-12 12:50:30,2019-05-12 12:50:30,0,0,2018-05-12 12:50:30,yahoo.com,1557679830,.yahoo.com,1,0,B,/,0,0,7t2btphdfe6qm&b=3&s=ep
